[
  {
    "id": "1",
    "title": "Hina",
    "tag": "daily",
    "content": "Hina is youngest"
  },
  {
    "id": "2",
    "title": "siyeon",
    "tag": "work",
    "content": "Siyeon is the most hard member"
  },
  {
    "id": "1747394632938",
    "title": "chodan",
    "tag": "Drummer",
    "content": "The leader of QWER"
  },
  {
    "id": "1747402816240",
    "title": "magenta",
    "tag": "bass",
    "content": "Lee Ahhee (이아희) or known by her stage name Magenta (마젠타) is the second revealed member of the South Korean girl band QWER. She is the bassist of the band."
  }
]
