[
  {
    "id": 1,
    "title": "Hina",
    "tag": "QWER",
    "content": "The maknae of QWER"
  },
  {
    "id": 2,
    "title": "siyeon",
    "tag": "QWER",
    "content": "Siyeon is the most hard member"
  },
  {
    "id": 1747394632938,
    "title": "chodan",
    "tag": "QWER",
    "content": "The leader of QWER"
  },
  {
    "id": 1747402816240,
    "title": "Magenta",
    "tag": "QWER",
    "content": "Lee Ahhee (이아희) or known by her stage name Magenta (마젠타) is the second revealed member of the South Korean girl band QWER. She is the bassist of the band."
  },
  {
    "id": 3,
    "title": "Irene",
    "tag": "Red Velvet",
    "content": "The leader of Red Velvet"
  },
  {
    "id": 4,
    "title": "Seulgi",
    "tag": "Red Velvet",
    "content": "The main dancer of Red Velvet"
  },
  {
    "id": 5,
    "title": "Wendy",
    "tag": "Red Velvet",
    "content": "The main vocalist of Red Velvet"
  },
  {
    "id": 6,
    "title": "Joy",
    "tag": "Red Velvet",
    "content": "The lead rapper of Red Velvet"
  },
  {
    "id": 7,
    "title": "Yeri",
    "tag": "Red Velvet",
    "content": "The maknae of Red Velvet"
  },
  {
    "id": 8,
    "title": "Yeji",
    "tag": "ITZY",
    "content": "The leader of ITZY"
  },
  {
    "id": 9,
    "title": "Lia",
    "tag": "ITZY",
    "content": "The main vocalist of ITZY"
  },
  {
    "id": 10,
    "title": "Yuna",
    "tag": "ITZY",
    "content": "The maknae of ITZY"
  },
  {
    "id": 11,
    "title": "Ryujin",
    "tag": "ITZY",
    "content": "The main rapper of ITZY"
  },
  {
    "id": 12,
    "title": "Chaeryeong",
    "tag": "ITZY",
    "content": "The main dancer of ITZY"
  }
]
